qid,question,relevant_cids,pred_parent_ids,recall@1,recall@3,recall@5,recall@10,mrr,ndcg@10
162228,Chế độ báo cáo của Giám đốc Ban Quản lý dự án đầu tư xây dựng chuyên ngành thuộc Kiểm toán nhà nước được quy định như thế nào?,"[""243090""]","[""243090"", ""98280"", ""115404"", ""115405"", ""209043"", ""23766"", ""110226"", ""104255"", ""214658"", ""169212""]",1.0,1.0,1.0,1.0,1.0,1.0
3414,Việc tích nước vận hành và tích nước thời kỳ thi công đối với công trình thủy lợi đập đất đầm nén được quy định như thế nào?,"[""65231""]","[""65231"", ""65230"", ""131694"", ""65915"", ""237951"", ""13982"", ""5736"", ""122700"", ""28911"", ""42184""]",1.0,1.0,1.0,1.0,1.0,1.0
108965,Phanh cần trục khi dừng khẩn cấp phải là loại phanh như thế nào?,"[""183501""]","[""183501"", ""183502"", ""228319"", ""88621"", ""88619"", ""38369"", ""65190"", ""225523"", ""128691"", ""69564""]",1.0,1.0,1.0,1.0,1.0,1.0
103161,Ai có trách nhiệm báo cáo kết quả đánh giá nghiệm thu của Hội đồng Khoa học và Công nghệ cấp Bộ Quốc phòng?,"[""177010""]","[""69905"", ""177010"", ""116282"", ""67469"", ""63459"", ""20622"", ""44872"", ""246612"", ""154506"", ""224556""]",0.0,1.0,1.0,1.0,0.5,0.6309297535714575
70371,Làm sao để được công nhận văn bằng nước ngoài về ngành dược tại Việt Nam để được cấp Chứng chỉ hành nghề Dược?,"[""140295"", ""140296""]","[""80240"", ""80239"", ""7753"", ""86790"", ""88844"", ""140295"", ""7754"", ""12353"", ""126245"", ""247386""]",0.0,0.0,0.0,1.0,0.16666666666666666,0.21840743681816419
161862,Quá 15 ngày kể từ ngày tuyên án thì có được kháng cáo hay không?,"[""59639""]","[""72151"", ""59639"", ""71343"", ""10814"", ""10810"", ""76666"", ""10939"", ""10739"", ""43118"", ""991""]",0.0,1.0,1.0,1.0,0.5,0.6309297535714575
89343,Lệ phí cấp lại thẻ Căn cước công dân hiện nay là bao nhiêu?,"[""50456""]","[""230373"", ""235805"", ""50456"", ""38012"", ""114045"", ""114047"", ""77136"", ""115694"", ""76365"", ""100702""]",0.0,1.0,1.0,1.0,0.3333333333333333,0.5
3429,Thủ tục đăng ký kết hôn gồm những bước nào? Ai có thẩm quyền đăng ký kết hôn?,"[""61763""]","[""61763"", ""65785"", ""78326"", ""61761"", ""61762"", ""47570"", ""183733"", ""72531"", ""4579"", ""4564""]",1.0,1.0,1.0,1.0,1.0,1.0
102355,"Vụ Giáo dục Chính trị và Công tác học sinh, sinh viên thuộc Bộ Giáo dục và Đào tạo có nhiệm vụ và quyền hạn gì trong công tác học sinh, sinh viên?","[""176126""]","[""176126"", ""189313"", ""76813"", ""92177"", ""159328"", ""72687"", ""235198"", ""215651"", ""84434"", ""84433""]",1.0,1.0,1.0,1.0,1.0,1.0
69794,Khi nào thì được coi là hàng hóa có xuất xứ không thuần túy?,"[""2781""]","[""2779"", ""37366"", ""2781"", ""119820"", ""2780"", ""17245"", ""74338"", ""28020"", ""2791"", ""70749""]",0.0,1.0,1.0,1.0,0.3333333333333333,0.5
76459,"Khi sát hạch thực hành lái tàu trên đường sắt đô thị, thí sinh phải làm gì với nội dung công tác chuẩn bị, báo cáo?","[""38367"", ""38367""]","[""38361"", ""38355"", ""38367"", ""38369"", ""38356"", ""38360"", ""147168"", ""74527"", ""38333"", ""175447""]",0.0,1.0,1.0,1.0,0.3333333333333333,0.5
107500,Trường hợp đất nông nghiệp hết thời hạn thì có phải gia hạn thời hạn sử dụng đất không?,"[""91465""]","[""91465"", ""75833"", ""85677"", ""91068"", ""85675"", ""99355"", ""97504"", ""221877"", ""154130"", ""99354""]",1.0,1.0,1.0,1.0,1.0,1.0
52533,Doanh nghiệp cho thuê lại lao động không lập hồ sơ ghi lại số lao động đã cho thuê lại sẽ bị xử phạt như thế nào theo quy định mới nhất hiện nay?,"[""112404""]","[""112404"", ""189335"", ""120311"", ""177967"", ""36507"", ""36506"", ""94735"", ""61475"", ""90167"", ""90876""]",1.0,1.0,1.0,1.0,1.0,1.0
60970,Quỹ tín dụng nhân dân để được cấp giấy phép cần đạt những điều kiện nào?,"[""70694""]","[""70694"", ""74578"", ""65499"", ""123018"", ""111908"", ""124963"", ""227772"", ""70695"", ""131893"", ""160436""]",1.0,1.0,1.0,1.0,1.0,1.0
55389,Bảo đảm an toàn thông tin mạng cho hệ thống thông tin quan trọng quốc gia thuộc trách nhiệm của ai?,"[""123519""]","[""64946"", ""123519"", ""190497"", ""143335"", ""80026"", ""170451"", ""201828"", ""238645"", ""223191"", ""33352""]",0.0,1.0,1.0,1.0,0.5,0.6309297535714575
37695,"Quyền của cơ quan, tổ chức, cá nhân chịu sự giám sát được quy định cụ thể như thế nào?","[""57027""]","[""57027"", ""57026"", ""212402"", ""101073"", ""103294"", ""57035"", ""165762"", ""97098"", ""16870"", ""57105""]",1.0,1.0,1.0,1.0,1.0,1.0
148197,Người cha có quyền yêu cầu xác định con không?,"[""47663""]","[""47663"", ""47650"", ""47662"", ""58155"", ""131166"", ""47652"", ""104285"", ""4562"", ""47644"", ""4569""]",1.0,1.0,1.0,1.0,1.0,1.0
7771,Ban Chỉ đạo cổ phần hóa đối với các doanh nghiệp nhà nước thuộc Bộ Quốc phòng có trách nhiệm và quyền hạn như thế nào?,"[""70144""]","[""70144"", ""70143"", ""96215"", ""70142"", ""172586"", ""120422"", ""177893"", ""184854"", ""186843"", ""53119""]",1.0,1.0,1.0,1.0,1.0,1.0
18734,Người lao động cung cấp sai thông tin tài khoản hưởng chế độ thai sản thì xử lý thế nào?,"[""82415""]","[""61491"", ""64892"", ""61492"", ""18258"", ""229750"", ""109615"", ""14091"", ""122053"", ""87558"", ""144020""]",0.0,0.0,0.0,0.0,0.0,0.0
44658,Quy định về mẫu dấu hợp quy đối với phương tiện giao thông như thế nào?,"[""83496""]","[""233000"", ""165634"", ""133965"", ""106099"", ""78547"", ""68914"", ""78718"", ""83496"", ""71985"", ""65897""]",0.0,0.0,0.0,1.0,0.125,0.31546487678572877
136635,Ngân hàng thương mại kinh doanh bất động sản thì có thể bị xử phạt vi phạm hành chính hay không?,"[""57545"", ""68706""]","[""57545"", ""71431"", ""132504"", ""166341"", ""156381"", ""62181"", ""185595"", ""112906"", ""111963"", ""157196""]",1.0,1.0,1.0,1.0,1.0,0.6131471927654584
21448,Nghĩa vụ của Hội viên danh dự Hiệp hội chăn nuôi gia cầm Việt Nam được quy định như thế nào?,"[""70845""]","[""89333"", ""62251"", ""67141"", ""111640"", ""92187"", ""70843"", ""89715"", ""67138"", ""134893"", ""94605""]",0.0,0.0,0.0,0.0,0.0,0.0
65593,Để đánh giá và xếp loại nhà giáo dạy trình độ sơ cấp căn cứ vào đâu?,"[""134930""]","[""134930"", ""5969"", ""88301"", ""5972"", ""88302"", ""88303"", ""5970"", ""135421"", ""206515"", ""134131""]",1.0,1.0,1.0,1.0,1.0,1.0
5601,Khi thi thăng hạng chức danh nghề nghiệp từ Lưu trữ viên lên Lưu trữ viên chính cần thời gian giữ chức danh nghề nghiệp Lưu trữ viên từ đủ bao nhiêu năm?,"[""61923"", ""61923""]","[""61923"", ""224038"", ""139208"", ""107619"", ""38836"", ""199609"", ""153732"", ""64139"", ""1533"", ""74462""]",1.0,1.0,1.0,1.0,1.0,1.0
5414,Hồ sơ chuyển mục đích sử dụng đất gồm những gì?,"[""67511""]","[""36713"", ""122620"", ""71239"", ""67511"", ""182451"", ""65529"", ""77560"", ""87961"", ""75149"", ""69406""]",0.0,0.0,1.0,1.0,0.25,0.43067655807339306
106383,Tài sản công tại cơ quan nhà nước không có người vận hành thì đơn vị có thể thuê đơn vị khác có chuyên môn vận hành không?,"[""180620""]","[""76871"", ""180620"", ""171514"", ""246005"", ""24316"", ""107280"", ""99626"", ""85702"", ""245981"", ""84800""]",0.0,1.0,1.0,1.0,0.5,0.6309297535714575
92351,Thực hiện thủ tục gia hạn giấy phép sử dụng tần số và thiết bị vô tuyến điện đối với tuyến truyền dẫn viba theo trình tự thế nào?,"[""62983""]","[""62983"", ""118197"", ""96960"", ""107112"", ""89042"", ""145726"", ""43263"", ""105068"", ""166461"", ""112342""]",1.0,1.0,1.0,1.0,1.0,1.0
106258,Xoài quả tươi hạng đặc biệt trong mỗi bao bì có phải cùng giống và xuất xứ không?,"[""62142""]","[""80644"", ""74627"", ""79357"", ""71938"", ""67552"", ""143464"", ""246743"", ""62142"", ""73985"", ""62140""]",0.0,0.0,0.0,1.0,0.125,0.31546487678572877
36599,"Tính thuế đối với thu nhập từ trúng thưởng từ trò chơi, cuộc thi có thưởng như thế nào? Thời điểm xác nhận tính thuế TNCN là khi nào?","[""76441""]","[""67072"", ""76441"", ""128300"", ""109834"", ""196995"", ""242362"", ""83195"", ""211558"", ""70442"", ""69866""]",0.0,1.0,1.0,1.0,0.5,0.6309297535714575
6558,Viện kiểm sát phải giao quyết định phục hồi vụ án hình sự trong bao nhiêu ngày từ ngày ra quyết định?,"[""68776""]","[""68776"", ""10726"", ""111085"", ""97368"", ""10716"", ""10754"", ""10712"", ""10717"", ""83904"", ""41331""]",1.0,1.0,1.0,1.0,1.0,1.0
61471,Số biên chế của Trường Hải quan Việt Nam do ai có quyền quyết định?,"[""84423""]","[""126383"", ""84423"", ""199383"", ""170807"", ""129191"", ""3771"", ""84161"", ""108114"", ""39581"", ""130336""]",0.0,1.0,1.0,1.0,0.5,0.6309297535714575
87668,Điều kiện sản xuất trang thiết bị y tế đối với doanh nghiệp được quy định thế nào?,"[""64457""]","[""64457"", ""89127"", ""63215"", ""125892"", ""82446"", ""8920"", ""62595"", ""93200"", ""63401"", ""21108""]",1.0,1.0,1.0,1.0,1.0,1.0
66837,Thành viên cơ quan lãnh sự được tự do di chuyển và đi lại trên lãnh thổ Nước tiếp nhận trừ những khu vực nào?,"[""136163""]","[""136163"", ""66522"", ""231458"", ""130749"", ""141002"", ""178978"", ""136813"", ""62222"", ""192472"", ""104017""]",1.0,1.0,1.0,1.0,1.0,1.0
109093,Trình tự làm việc của Hội đồng tuyển chọn thực hiện nhiệm vụ khoa học và công nghệ cấp quốc gia được quy định ra sao?,"[""183651""]","[""92580"", ""8661"", ""145236"", ""111936"", ""8260"", ""192569"", ""163486"", ""71392"", ""103699"", ""192570""]",0.0,0.0,0.0,0.0,0.0,0.0
66320,Lương cơ bản chiếm bao nhiêu phần trăm trong cơ cấu tiền lương mới 2024 khi cải cách tiền lương?,"[""62473""]","[""62473"", ""127461"", ""115042"", ""68293"", ""40805"", ""195005"", ""133762"", ""240348"", ""74428"", ""115191""]",1.0,1.0,1.0,1.0,1.0,1.0
59287,"Lệ phí để cấp Giấy xác nhận phù hợp về tuyển dụng, cung ứng thuyền viên hàng hải là bao nhiêu?","[""127869""]","[""127869"", ""127868"", ""127867"", ""36386"", ""36395"", ""19631"", ""91939"", ""166467"", ""257566"", ""72523""]",1.0,1.0,1.0,1.0,1.0,1.0
163570,Nghị quyết của Ủy ban kiểm sát Viện kiểm sát quân sự trung ương phải được bao nhiêu thành viên biểu quyết tán thành?,"[""99041""]","[""99041"", ""73888"", ""114806"", ""99039"", ""76445"", ""110247"", ""108118"", ""63274"", ""114238"", ""59703""]",1.0,1.0,1.0,1.0,1.0,1.0
13189,Cán bộ Viện Nghiên cứu Da và Giầy có được đề xuất các biện pháp cải tiến tổ chức quản lý không?,"[""76185""]","[""76183"", ""76185"", ""245390"", ""245388"", ""170708"", ""136136"", ""86352"", ""150860"", ""118037"", ""171672""]",0.0,1.0,1.0,1.0,0.5,0.6309297535714575
14963,Làm giả giấy tờ là giấy xét nghiệm Covid-19 bị truy cứu trách nhiệm hình sự?,"[""62629""]","[""143520"", ""125485"", ""106955"", ""90525"", ""92172"", ""198485"", ""63076"", ""228686"", ""250738"", ""123704""]",0.0,0.0,0.0,0.0,0.0,0.0
3725,"Vùng khó khăn được thụ hưởng chính sách tín dụng đối với hộ gia đình sản xuất, kinh doanh năm 2023 là gì?","[""65578""]","[""65578"", ""194979"", ""65580"", ""235474"", ""20124"", ""186110"", ""65579"", ""194978"", ""62539"", ""65160""]",1.0,1.0,1.0,1.0,1.0,1.0
157477,Hành vi nào là hành vi bị nghiêm cấm trong việc sử dụng Chứng minh công nhân quốc phòng?,"[""50319""]","[""50319"", ""31634"", ""199300"", ""181331"", ""52442"", ""4192"", ""184387"", ""36837"", ""46214"", ""19047""]",1.0,1.0,1.0,1.0,1.0,1.0
82213,Kiểm định viên kỹ thuật an toàn lao động trong Bộ Quốc phòng cần đáp ứng đủ các tiêu chuẩn nào?,"[""103981""]","[""116167"", ""153585"", ""112793"", ""120636"", ""136821"", ""86912"", ""19662"", ""25159"", ""70229"", ""110132""]",0.0,0.0,0.0,0.0,0.0,0.0
11978,Hồ sơ đề nghị miễn giảm học phí với học sinh là người khuyết tật như thế nào?,"[""1238""]","[""43361"", ""67941"", ""69050"", ""56396"", ""85348"", ""60409"", ""83350"", ""82001"", ""212926"", ""43356""]",0.0,0.0,0.0,0.0,0.0,0.0
136586,"Đối với cơ sở giáo dục đại học, hình thức triển khai công tác tư vấn nghề nghiệp, việc làm như thế nào?","[""214427""]","[""214427"", ""68619"", ""154530"", ""214426"", ""78367"", ""68618"", ""167987"", ""208304"", ""224346"", ""176126""]",1.0,1.0,1.0,1.0,1.0,1.0
111133,Hồ sơ đăng ký thành viên tạo lập thị trường trên thị trường chứng khoán phái sinh bao gồm những gì?,"[""22560""]","[""22560"", ""214083"", ""22558"", ""22541"", ""225528"", ""74880"", ""84782"", ""73044"", ""132086"", ""67744""]",1.0,1.0,1.0,1.0,1.0,1.0
21240,Cá nhân thuê đất của hộ gia đình để nuôi trồng dược liệu thì có được hưởng chính sách ưu đãi về đất đai gì không?,"[""52125""]","[""52125"", ""49803"", ""86295"", ""60585"", ""69457"", ""88997"", ""62406"", ""40066"", ""25113"", ""45598""]",1.0,1.0,1.0,1.0,1.0,1.0
152783,Hội viên Hội Thể thao đại học và chuyên nghiệp Việt Nam có những nghĩa vụ nào?,"[""232533""]","[""110774"", ""110776"", ""232533"", ""79560"", ""149440"", ""178976"", ""92147"", ""130880"", ""114865"", ""122972""]",0.0,1.0,1.0,1.0,0.3333333333333333,0.5
136525,Sau khi tốt nghiệp ngành Logistics trình độ trung cấp thì người học phải có kỹ năng ngoại ngữ như thế nào?,"[""93652""]","[""229057"", ""131108"", ""86707"", ""9156"", ""141194"", ""103439"", ""93652"", ""139844"", ""39670"", ""48223""]",0.0,0.0,0.0,1.0,0.14285714285714285,0.3333333333333333
128932,Có áp dụng thời hiệu truy cứu trách nhiệm hình sự đối với người phạm tội cố tình trốn tránh và đã có quyết định truy nã không?,"[""61649""]","[""61649"", ""70628"", ""42991"", ""212326"", ""205890"", ""62330"", ""18792"", ""188060"", ""53500"", ""85131""]",1.0,1.0,1.0,1.0,1.0,1.0
42307,Thủ tục để được nhận hỗ trợ từ Quỹ Từ thiện bệnh nhân nghèo bị đột quỵ khu vực đồng bằng sông Cửu Long được quy định thế nào?,"[""108849""]","[""108849"", ""38477"", ""108848"", ""195100"", ""224976"", ""236506"", ""62536"", ""97879"", ""190634"", ""20461""]",1.0,1.0,1.0,1.0,1.0,1.0
137080,Ứng xử của giáo viên trong cơ sở giáo dục được quy định ra sao?,"[""6756""]","[""36151"", ""6758"", ""6756"", ""6754"", ""6753"", ""6755"", ""148810"", ""81832"", ""122362"", ""6757""]",0.0,1.0,1.0,1.0,0.3333333333333333,0.5
179048,Khi tham gia bảo hiểm y tế 5 năm liên tục thì người tham gia bảo hiểm được hưởng những quyền lợi nào?,"[""62016""]","[""62016"", ""155269"", ""75744"", ""100895"", ""91304"", ""67353"", ""20134"", ""20132"", ""214768"", ""184744""]",1.0,1.0,1.0,1.0,1.0,1.0
150072,Khi xem xét thời gian làm việc để tính chi trả trợ cấp thôi việc cho người lao động thì có tính cả thời gian thử việc không?,"[""74286""]","[""74286"", ""68732"", ""68487"", ""45098"", ""62221"", ""172654"", ""85752"", ""113262"", ""40472"", ""75051""]",1.0,1.0,1.0,1.0,1.0,1.0
60784,Định hướng phát triển không gian trong nội dung đồ án quy hoạch chung xây dựng khu thể dục thể thao cần đáp ứng yêu cầu gì?,"[""44490""]","[""44490"", ""131345"", ""200875"", ""44496"", ""241900"", ""72460"", ""69681"", ""44491"", ""210107"", ""61894""]",1.0,1.0,1.0,1.0,1.0,1.0
84909,Cần chuẩn bị những giấy tờ gì khi thực hiện thủ tục cấp lại giấy chứng nhận tổ chức giám định quyền tác giả?,"[""22937""]","[""22937"", ""156609"", ""246485"", ""88390"", ""78273"", ""117621"", ""246486"", ""187462"", ""240358"", ""172468""]",1.0,1.0,1.0,1.0,1.0,1.0
84072,Tội lưu hành các giấy tờ có giá giả có giá trị tương ứng từ 300 triệu đồng trở lên thì được phân loại tội phạm nhóm nào?,"[""61615""]","[""67247"", ""65268"", ""103600"", ""62629"", ""79902"", ""88883"", ""80406"", ""66287"", ""79708"", ""80407""]",0.0,0.0,0.0,0.0,0.0,0.0
3613,Trình tự chấp thuận trước khi khai trương hoạt động của văn phòng đại diện của tổ chức tín dụng phi ngân hàng được thực hiện như thế nào?,"[""48272""]","[""48272"", ""48266"", ""242303"", ""183591"", ""67316"", ""48271"", ""122371"", ""128159"", ""98877"", ""176969""]",1.0,1.0,1.0,1.0,1.0,1.0
102837,"Trong quá trình quản lý vũ khí, công cụ hỗ trợ, người quản lý vũ khí, công cụ hỗ trợ phải quản lý các loại giấy phép nào?","[""176652""]","[""176652"", ""145413"", ""67058"", ""55203"", ""79783"", ""184244"", ""189978"", ""103200"", ""55210"", ""145415""]",1.0,1.0,1.0,1.0,1.0,1.0
144881,Thí sinh dự thi kỳ tuyển dụng công chức Viện kiểm sát nhân dân chỉ được mang vào phòng thi những thứ gì?,"[""74728""]","[""104820"", ""74728"", ""174325"", ""138399"", ""98338"", ""28185"", ""104821"", ""157281"", ""92024"", ""206604""]",0.0,1.0,1.0,1.0,0.5,0.6309297535714575
92048,Thành viên Đoàn kiểm toán nhà nước được đánh giá xếp loại theo những mức nào?,"[""164611""]","[""164611"", ""242084"", ""164612"", ""164610"", ""22731"", ""63584"", ""82225"", ""67234"", ""199287"", ""138018""]",1.0,1.0,1.0,1.0,1.0,1.0
34053,Người tham gia bảo hiểm y tế thuộc hộ cận nghèo có được ngân sách nhà nước hỗ trợ 100% mức đóng bảo hiểm y tế hay không?,"[""20128""]","[""91979"", ""20128"", ""224355"", ""63880"", ""244930"", ""85283"", ""186937"", ""803"", ""71732"", ""20130""]",0.0,1.0,1.0,1.0,0.5,0.6309297535714575
114076,Cho vay nặng lãi với thế chấp bằng ảnh hoặc clip khỏa thân thì cá nhân bị truy cứu trách nhiệm hình sự với tội cưỡng đoạt tài sản hay không?,"[""82196""]","[""145529"", ""210801"", ""83377"", ""107988"", ""239982"", ""76695"", ""146327"", ""107989"", ""203824"", ""30875""]",0.0,0.0,0.0,0.0,0.0,0.0
36149,Người nộp thuế được gia hạn nộp hồ sơ khai thuế GTGT không quá bao nhiêu ngày?,"[""40853""]","[""40853"", ""16302"", ""131495"", ""16458"", ""40869"", ""40840"", ""177834"", ""74154"", ""40917"", ""65983""]",1.0,1.0,1.0,1.0,1.0,1.0
19755,Ai có quyền quyết định giải ngạch đối với sĩ quan dự bị hết tuổi phục vụ?,"[""55047""]","[""201204"", ""55046"", ""55047"", ""109687"", ""55044"", ""55042"", ""55032"", ""62414"", ""201202"", ""96482""]",0.0,1.0,1.0,1.0,0.3333333333333333,0.5
76278,Các thành viên Hội đồng đánh giá trữ lượng khoáng sản quốc gia làm việc theo chế độ nào?,"[""146968""]","[""146968"", ""146967"", ""182067"", ""219215"", ""31224"", ""33768"", ""146969"", ""74466"", ""74468"", ""28895""]",1.0,1.0,1.0,1.0,1.0,1.0
114827,Hồ sơ cấp lần đầu thẻ kiểm tra thị trường cho công chức bao gồm các giấy tờ nào?,"[""38298""]","[""38298"", ""90148"", ""102248"", ""38296"", ""90150"", ""202833"", ""194269"", ""197702"", ""182749"", ""103745""]",1.0,1.0,1.0,1.0,1.0,1.0
28119,Kỳ kế toán năm cuối cùng có thời gian ngắn thì có được phép cộng với kỳ kế toán năm trước đó để tính thành một kỳ kế toán năm không?,"[""2856""]","[""149294"", ""2856"", ""212399"", ""140157"", ""130281"", ""21749"", ""125636"", ""173307"", ""73889"", ""21220""]",0.0,1.0,1.0,1.0,0.5,0.6309297535714575
114795,Kết quả phiên họp Ủy ban nhân dân cấp tỉnh phải được gửi cho ai?,"[""82392""]","[""82392"", ""203827"", ""55400"", ""56502"", ""135509"", ""122290"", ""57026"", ""54139"", ""10885"", ""239094""]",1.0,1.0,1.0,1.0,1.0,1.0
24487,Hội đồng kiểm tra sát hạch cấp Giấy chứng nhận là lương y do Bộ trưởng Bộ Y tế thành lập bao gồm những ai?,"[""36348""]","[""36348"", ""36342"", ""36349"", ""36340"", ""62339"", ""178443"", ""120039"", ""42704"", ""149732"", ""202080""]",1.0,1.0,1.0,1.0,1.0,1.0
99488,"Đoàn kiểm tra, giám sát liên ngành việc chấp hành quy định về phòng chống rửa tiền và tài trợ khủng bố do ai làm Trưởng đoàn?","[""172949""]","[""172949"", ""172948"", ""108097"", ""166582"", ""29808"", ""146786"", ""95378"", ""196570"", ""116113"", ""225022""]",1.0,1.0,1.0,1.0,1.0,1.0
42043,Kinh doanh vận tải đường sắt phải đáp ứng các điều kiện gì?,"[""52191""]","[""52191"", ""68871"", ""65278"", ""76819"", ""108557"", ""96755"", ""9788"", ""10368"", ""24214"", ""74390""]",1.0,1.0,1.0,1.0,1.0,1.0
2946,Cách tính ngày nghỉ hằng năm trong một số trường hợp đặc biệt như thế nào?,"[""64717""]","[""99930"", ""64717"", ""68732"", ""64541"", ""62868"", ""105982"", ""13883"", ""235701"", ""68487"", ""132412""]",0.0,1.0,1.0,1.0,0.5,0.6309297535714575
80153,Trường hợp nào cán bộ vi phạm gây hậu quả ít nghiêm trọng thì bị xử lý kỷ luật bằng hình thức khiển trách?,"[""151278""]","[""99480"", ""145301"", ""153162"", ""93551"", ""229112"", ""80694"", ""74688"", ""62833"", ""13746"", ""74687""]",0.0,0.0,0.0,0.0,0.0,0.0
126505,Công tác Dân quân tự vệ là gì?,"[""203169""]","[""203169"", ""46205"", ""61984"", ""46203"", ""46241"", ""137813"", ""49902"", ""164645"", ""46219"", ""2563""]",1.0,1.0,1.0,1.0,1.0,1.0
68791,Ngoài vốn điều lệ thì vốn hoạt động của Quỹ Quỹ Dịch vụ viễn thông công ích Việt Nam còn được hình thành từ các nguồn nào?,"[""120349""]","[""120349"", ""224698"", ""41532"", ""83168"", ""227658"", ""64723"", ""67830"", ""114375"", ""15098"", ""15104""]",1.0,1.0,1.0,1.0,1.0,1.0
155021,Người học ngành lắp ráp ô tô trình độ trung cấp muốn tốt nghiệp phải hoàn thành tối thiểu bao nhiêu tín chỉ?,"[""170664""]","[""97567"", ""170664"", ""122297"", ""101337"", ""175470"", ""233039"", ""138894"", ""26635"", ""65150"", ""103425""]",0.0,1.0,1.0,1.0,0.5,0.6309297535714575
34618,"Biên bản cuộc họp dự kiến danh sách người ứng cử Trưởng thôn, Tổ trưởng tổ dân phố phải được gửi đến Ủy ban nhân dân cấp xã trong thời hạn bao lâu?","[""100191""]","[""100191"", ""154839"", ""154837"", ""239094"", ""17223"", ""100192"", ""204616"", ""84546"", ""123535"", ""197166""]",1.0,1.0,1.0,1.0,1.0,1.0
41714,Cán bộ Quân đội giữ chức vụ Chính Ủy Quân khu thì khi mất được tổ chức Lễ tang theo cấp nào?,"[""56805""]","[""56805"", ""56803"", ""63997"", ""11770"", ""11783"", ""11796"", ""56810"", ""56802"", ""204842"", ""56807""]",1.0,1.0,1.0,1.0,1.0,1.0
139912,Kinh phí cho công tác lưu trữ tem bưu chính quốc gia tại Bộ Thông tin và Truyền thông được sử dụng vào các công việc nào?,"[""198409""]","[""198409"", ""154413"", ""65321"", ""154412"", ""218138"", ""199086"", ""61713"", ""118731"", ""126985"", ""154410""]",1.0,1.0,1.0,1.0,1.0,1.0
161368,Mức giảm trừ gia cảnh cho người phụ thuộc được quy định như thế nào?,"[""82722"", ""69649""]","[""69791"", ""194396"", ""69649"", ""74718"", ""79700"", ""132882"", ""150771"", ""114303"", ""90949"", ""82721""]",0.0,1.0,1.0,1.0,0.3333333333333333,0.3065735963827292
62311,Có cần phải bọc nhựa PVC cho bộ phận thu sét hay không?,"[""131262""]","[""131262"", ""159562"", ""121357"", ""115784"", ""106940"", ""206241"", ""121358"", ""83055"", ""67856"", ""112430""]",1.0,1.0,1.0,1.0,1.0,1.0
155176,Yêu cầu về bố trí lực lượng Cảnh sát cứu nạn cứu hộ cần đáp ứng những gì?,"[""8720""]","[""8720"", ""142377"", ""56088"", ""189175"", ""8728"", ""19526"", ""182226"", ""56087"", ""8721"", ""195078""]",1.0,1.0,1.0,1.0,1.0,1.0
71633,Giấy chứng nhận đủ điều kiện kinh doanh đặt cược bóng đá quốc tế được cấp khi doanh nghiệp phải đáp ứng những điều kiện gì?,"[""6502""]","[""6502"", ""6501"", ""135501"", ""6505"", ""185478"", ""6504"", ""82763"", ""6494"", ""82765"", ""6486""]",1.0,1.0,1.0,1.0,1.0,1.0
74429,Hồ sơ đề nghị hỗ trợ chi phí tư vấn pháp luật cho doanh nghiệp nhỏ và vừa bao gồm những nội dung gì?,"[""144877""]","[""144877"", ""241550"", ""144879"", ""148898"", ""241551"", ""49132"", ""49135"", ""49134"", ""143726"", ""197663""]",1.0,1.0,1.0,1.0,1.0,1.0
166551,Doanh nghiệp chế xuất có những quyền và nghĩa vụ gì khi đặt doanh nghiệp nội địa gia công sản phẩm?,"[""58671""]","[""55805"", ""53081"", ""85027"", ""58671"", ""58672"", ""69638"", ""27572"", ""69027"", ""11887"", ""63828""]",0.0,0.0,1.0,1.0,0.25,0.43067655807339306
157074,Viên chức được cử đi học ở nước ngoài có được hỗ trợ mua bảo hiểm y tế hay không?,"[""93260""]","[""39735"", ""128634"", ""8796"", ""229763"", ""206804"", ""8800"", ""90306"", ""40207"", ""52241"", ""86519""]",0.0,0.0,0.0,0.0,0.0,0.0
62526,Thành viên Hội đồng giám sát xổ số gồm những ai?,"[""75507""]","[""109992"", ""75507"", ""216584"", ""54507"", ""146200"", ""18040"", ""11026"", ""146199"", ""54511"", ""75509""]",0.0,1.0,1.0,1.0,0.5,0.6309297535714575
74631,Ban Chấp hành Hiệp hội Xuất khẩu lao động Việt Nam có quyền miễn nhiệm Chủ tịch Hiệp hội hay không?,"[""75056""]","[""187918"", ""156318"", ""121067"", ""194130"", ""158065"", ""82719"", ""65964"", ""80048"", ""102001"", ""73521""]",0.0,0.0,0.0,0.0,0.0,0.0
7232,Quyết định không khởi tố vụ án hình sự phải gửi cho những ai?,"[""10635""]","[""10635"", ""41331"", ""10633"", ""10631"", ""3569"", ""60292"", ""10656"", ""61189"", ""66469"", ""10846""]",1.0,1.0,1.0,1.0,1.0,1.0
8787,Dẫn dắt súc vật đi vào đường dành cho xe cơ giới bị xử phạt hành chính như thế nào?,"[""10308""]","[""144833"", ""10308"", ""71269"", ""84366"", ""71631"", ""76485"", ""217944"", ""116985"", ""61694"", ""70951""]",0.0,1.0,1.0,1.0,0.5,0.6309297535714575
154156,Cần điều chỉnh phương pháp dự phòng nghiệp vụ bảo hiểm phi nhân thọ thì doanh nghiệp thực hiện như thế nào?,"[""234054"", ""54029""]","[""234054"", ""113783"", ""54029"", ""177365"", ""54025"", ""54033"", ""226411"", ""32885"", ""201844"", ""167272""]",1.0,1.0,1.0,1.0,1.0,0.9197207891481876
90200,Đài Phát thanh và Truyền hình thuộc Ủy ban nhân dân tỉnh có tư cách pháp nhân không?,"[""81597""]","[""81597"", ""95566"", ""194491"", ""164843"", ""81599"", ""200033"", ""66055"", ""81598"", ""164845"", ""192842""]",1.0,1.0,1.0,1.0,1.0,1.0
1658,Trong quá trình vận hành Trạm điều khiển xử lý trung tâm gặp sự cố bất thường nhân viên kỹ thuật bảo trì phải làm gì?,"[""63279""]","[""63279"", ""83908"", ""35626"", ""35658"", ""35640"", ""35656"", ""83907"", ""35623"", ""35629"", ""35630""]",1.0,1.0,1.0,1.0,1.0,1.0
130010,Những người liên quan không có tên trong di chúc có được hưởng một phần tài sản trong di chúc hay không?,"[""58770""]","[""58770"", ""58748"", ""68654"", ""58776"", ""58785"", ""58771"", ""58747"", ""58769"", ""89044"", ""58772""]",1.0,1.0,1.0,1.0,1.0,1.0
43342,Giảm giá quá mức giảm giá tối đa bị xử phạt như thế nào?,"[""105155""]","[""105155"", ""134856"", ""23636"", ""36559"", ""66379"", ""62663"", ""55594"", ""19611"", ""150187"", ""130939""]",1.0,1.0,1.0,1.0,1.0,1.0
166464,Tiến độ thi công công trình xây dựng trong kế hoạch tác nghiệp cần chi tiết đến mức nào để công tác kế hoạch hóa được chính xác?,"[""110603""]","[""110603"", ""219122"", ""241804"", ""110604"", ""6887"", ""245270"", ""219121"", ""247868"", ""115638"", ""46481""]",1.0,1.0,1.0,1.0,1.0,1.0
29889,"Nộp hồ sơ đề nghị cấp Giấy phép kinh doanh sản phẩm, dịch vụ mật mã dân sự ở đâu? Hồ sơ đề nghị cấp Giấy phép kinh doanh sản phẩm, dịch vụ mật mã dân sự gồm những gì?","[""94927""]","[""94927"", ""74901"", ""206887"", ""141791"", ""175348"", ""206886"", ""137407"", ""121830"", ""144133"", ""181624""]",1.0,1.0,1.0,1.0,1.0,1.0
118941,Việc thực hiện thủ tục kiểm soát thanh toán các khoản chi thường xuyên của ngân sách nhà nước qua Trang thông tin dịch vụ công của Kho bạc Nhà nước được thực hiện theo trình tự như nào?,"[""103874""]","[""62816"", ""103874"", ""90321"", ""213000"", ""177679"", ""167007"", ""51335"", ""140331"", ""98517"", ""97296""]",0.0,1.0,1.0,1.0,0.5,0.6309297535714575
46740,Xe cơ giới đường bộ được bảo dưỡng theo quy định thế nào?,"[""48177""]","[""88975"", ""63157"", ""48177"", ""236396"", ""48179"", ""82497"", ""127089"", ""48182"", ""119209"", ""71630""]",0.0,1.0,1.0,1.0,0.3333333333333333,0.5
132880,Người học ngành kỹ thuật thiết bị hình ảnh y tế trình độ cao đẳng phải có mức độ tự chủ và trách nhiệm như thế nào?,"[""144464""]","[""62490"", ""222663"", ""62061"", ""102893"", ""132231"", ""201281"", ""102019"", ""100933"", ""115169"", ""105167""]",0.0,0.0,0.0,0.0,0.0,0.0
117712,Sẽ bỏ thi nâng ngạch đối với công chức giữ ngạch nhân viên và cán sự theo Đề xuất mới nhất đúng không?,"[""193289""]","[""216486"", ""234579"", ""172493"", ""18487"", ""18495"", ""109215"", ""18486"", ""205482"", ""18489"", ""229298""]",0.0,0.0,0.0,0.0,0.0,0.0
95311,Cơ sở sản xuất cần lưu trữ Phiếu xuất xưởng xe ô tô trong thời hạn bao nhiêu năm?,"[""168250""]","[""168250"", ""156349"", ""91882"", ""7124"", ""79891"", ""14335"", ""13139"", ""14336"", ""240995"", ""174498""]",1.0,1.0,1.0,1.0,1.0,1.0
25440,Phân NPK có thuộc danh mục hàng hóa thực hiện bình ổn giá hay không?,"[""63442""]","[""97580"", ""63442"", ""214079"", ""113698"", ""182956"", ""97581"", ""14377"", ""169071"", ""214078"", ""244648""]",0.0,1.0,1.0,1.0,0.5,0.6309297535714575
39210,Hồ sơ cần thiết để được hưởng lương hưu trước tuổi bao gồm những giấy tờ gì?,"[""105398"", ""105399""]","[""136767"", ""122506"", ""69788"", ""34330"", ""106428"", ""216624"", ""64686"", ""66417"", ""83729"", ""180568""]",0.0,0.0,0.0,0.0,0.0,0.0
65916,Nhà xuất bản Tư pháp có trách nhiệm tổ chức xuất bản và phát hành những xuất bản phẩm nào?,"[""135282""]","[""120414"", ""135282"", ""193620"", ""149551"", ""1474"", ""101934"", ""117536"", ""99477"", ""148870"", ""223618""]",0.0,1.0,1.0,1.0,0.5,0.6309297535714575
68151,"Người đại diện theo pháp luật của Viện Kiến trúc quốc gia do ai bổ nhiệm, miễn nhiệm?","[""137781""]","[""61752"", ""137781"", ""122787"", ""137780"", ""71920"", ""63575"", ""133264"", ""81664"", ""130420"", ""123772""]",0.0,1.0,1.0,1.0,0.5,0.6309297535714575
57238,"Cơ sở giáo dục đại học có được tổ chức tự nấu ăn nội trú, bán trú không?","[""125586""]","[""125586"", ""14313"", ""19025"", ""226658"", ""105148"", ""94593"", ""75112"", ""115951"", ""178835"", ""205531""]",1.0,1.0,1.0,1.0,1.0,1.0
17774,Người cho người khác thuê chứng chỉ đào tạo về thụ tinh nhân tạo giống vật nuôi thì có bị tịch chứng chỉ không?,"[""21156""]","[""21156"", ""75701"", ""4637"", ""21153"", ""63971"", ""238771"", ""191516"", ""244189"", ""104524"", ""153634""]",1.0,1.0,1.0,1.0,1.0,1.0
93512,Phụ gia thực phẩm có trong thực phẩm do được mang vào từ các nguyên liệu để sản xuất thực phẩm phải đáp ứng các yêu cầu nào?,"[""166257""]","[""33474"", ""166257"", ""33472"", ""94891"", ""23326"", ""226796"", ""23329"", ""137149"", ""33473"", ""71884""]",0.0,1.0,1.0,1.0,0.5,0.6309297535714575
138109,Việc lập danh sách tham gia bảo hiểm y tế trên địa bàn theo hộ gia đình thuộc về trách nhiệm của ai?,"[""182378""]","[""182378"", ""66704"", ""192612"", ""20131"", ""128778"", ""155142"", ""20125"", ""193448"", ""155140"", ""49430""]",1.0,1.0,1.0,1.0,1.0,1.0
156215,Tiến hành kỹ thuật tiêm botulinum A điều trị vết nhăn trán theo các bước như thế nào?,"[""236366""]","[""236366"", ""85177"", ""199884"", ""85179"", ""238469"", ""236367"", ""181861"", ""88289"", ""214337"", ""79912""]",1.0,1.0,1.0,1.0,1.0,1.0
141542,Người sử dụng lao động có quyền đơn phương chấm dứt hợp đồng lao động với lý do kinh tế suy thoái hay không?,"[""79403""]","[""65552"", ""65551"", ""62292"", ""63703"", ""93166"", ""184457"", ""78811"", ""63704"", ""64890"", ""126860""]",0.0,0.0,0.0,0.0,0.0,0.0
122052,Mượn nợ dùng sai mục đích thì có phạm tội chiếm đoạt tài sản?,"[""61773""]","[""145529"", ""58625"", ""62075"", ""58623"", ""107988"", ""62232"", ""85451"", ""128325"", ""47493"", ""115039""]",0.0,0.0,0.0,0.0,0.0,0.0
60781,"Thẩm định và phê duyệt kế hoạch lựa chọn nhà đầu tư các công trình dịch vụ chuyên ngành hàng không tại cảng hàng không, sân bay như thế nào?","[""33977""]","[""156427"", ""212499"", ""5917"", ""212500"", ""156426"", ""146317"", ""5908"", ""5920"", ""5902"", ""99656""]",0.0,0.0,0.0,0.0,0.0,0.0
135739,Báo cáo điện tử về thống kê áp dụng đối với các tổ chức tín dụng được áp dụng đối với mẫu biểu báo cáo nào?,"[""213470""]","[""213470"", ""213472"", ""38854"", ""149650"", ""176602"", ""93909"", ""221652"", ""221651"", ""3631"", ""79022""]",1.0,1.0,1.0,1.0,1.0,1.0
10962,Kinh doanh dịch vụ lữ hành là gì?,"[""73698""]","[""73698"", ""9773"", ""9783"", ""9780"", ""6609"", ""9774"", ""103287"", ""253193"", ""88442"", ""9782""]",1.0,1.0,1.0,1.0,1.0,1.0
6664,"Cơ quan nào có thẩm quyền quy định cụ thể chức năng, nhiệm vụ, quyền hạn của Sở Thông tin và Truyền thông?","[""68905""]","[""68905"", ""95839"", ""194491"", ""225272"", ""155144"", ""95566"", ""180597"", ""236963"", ""110564"", ""7291""]",1.0,1.0,1.0,1.0,1.0,1.0
159676,Tiêu chuẩn để trở thành hội viên Hội nghệ sĩ múa Việt Nam là gì?,"[""240234""]","[""240234"", ""169241"", ""240235"", ""164739"", ""143015"", ""112974"", ""196558"", ""239127"", ""164513"", ""223930""]",1.0,1.0,1.0,1.0,1.0,1.0
130379,Đăng ký tuyển chọn nhiệm vụ Nghị định thư cần đảm bảo những nguyên tắc nào?,"[""207505""]","[""207505"", ""103699"", ""8656"", ""44812"", ""109041"", ""49934"", ""224022"", ""89461"", ""53298"", ""195222""]",1.0,1.0,1.0,1.0,1.0,1.0
136928,Yêu cầu thiết kế đối với hệ thống âm thanh dùng cho các tình huống khẩn cấp là gì?,"[""214801""]","[""214801"", ""140963"", ""150426"", ""183502"", ""125752"", ""142590"", ""150428"", ""233937"", ""70147"", ""137641""]",1.0,1.0,1.0,1.0,1.0,1.0
89997,Người mua bán trái phép thông tin về tài khoản ngân hàng bị xử lý như thế nào?,"[""61525""]","[""61525"", ""176690"", ""57531"", ""22281"", ""57533"", ""102595"", ""57538"", ""125729"", ""224146"", ""188966""]",1.0,1.0,1.0,1.0,1.0,1.0
28484,Nhiệm vụ của cơ quan thường trực Hội đồng giám định y khoa phúc quyết lần cuối là gì?,"[""93353""]","[""93353"", ""160441"", ""93352"", ""234452"", ""218070"", ""205391"", ""93199"", ""241825"", ""66204"", ""66203""]",1.0,1.0,1.0,1.0,1.0,1.0
102561,Chứng từ điện tử trong hoạt động tài chính không được xác thực bằng chứng thư số thì có giá trị pháp lý không?,"[""94804""]","[""94804"", ""154914"", ""95438"", ""235271"", ""7572"", ""118445"", ""209901"", ""183111"", ""204345"", ""117570""]",1.0,1.0,1.0,1.0,1.0,1.0
26287,Chủ tịch Hội đồng quản lý Chuỗi Công viên phần mềm Quang Trung có được sử dụng con dấu của Ủy ban nhân dân thành phố Hồ Chí Minh không?,"[""90908""]","[""90908"", ""90907"", ""229570"", ""247042"", ""121107"", ""88018"", ""136782"", ""140942"", ""147228"", ""43333""]",1.0,1.0,1.0,1.0,1.0,1.0
80366,Chức danh Viện trưởng Viện kiểm sát nhân dân tối cao do ai bầu?,"[""73010""]","[""73010"", ""71848"", ""189985"", ""87868"", ""107965"", ""206604"", ""65203"", ""69662"", ""117750"", ""117751""]",1.0,1.0,1.0,1.0,1.0,1.0
107716,Trong chương trình bồi dưỡng thường xuyên giáo viên thì giáo viên cần chọn bao nhiêu mô đun bồi dưỡng tại chương trình bồi dưỡng 03?,"[""75635""]","[""75635"", ""92854"", ""92852"", ""75634"", ""120926"", ""83672"", ""184792"", ""182117"", ""188741"", ""248067""]",1.0,1.0,1.0,1.0,1.0,1.0
93139,Phương thức đóng và quản lý tiền đoàn phí được quy định như thế nào?,"[""67179""]","[""67179"", ""70460"", ""27768"", ""64623"", ""105691"", ""196369"", ""27774"", ""27769"", ""72427"", ""93054""]",1.0,1.0,1.0,1.0,1.0,1.0
145239,Trong công trình thủy lợi đập đất đầm nén thì việc thi công chân khay được thực hiện như thế nào?,"[""224108""]","[""224108"", ""140700"", ""216479"", ""224109"", ""13982"", ""249899"", ""231128"", ""148228"", ""237951"", ""196166""]",1.0,1.0,1.0,1.0,1.0,1.0
51481,Để thực hiện thủ tục gia hạn giấy phép sử dụng tần số và thiết bị vô tuyến điện đối với đài vô tuyến điện đặt trên phương tiện nghề cá cần chuẩn bị những giấy tờ gì?,"[""62984""]","[""72186"", ""118172"", ""118173"", ""145726"", ""107112"", ""234363"", ""62983"", ""62982"", ""118197"", ""89042""]",0.0,0.0,0.0,0.0,0.0,0.0
9143,Công ty mẹ Tập đoàn dầu khí Việt Nam có thể góp vốn doanh nghiệp vào công ty cổ phần khác hay không?,"[""71676""]","[""76560"", ""71676"", ""193661"", ""183522"", ""50674"", ""107881"", ""183524"", ""166711"", ""193660"", ""229576""]",0.0,1.0,1.0,1.0,0.5,0.6309297535714575
23925,Tiêu chuẩn đạo đức nghề nghiệp chung đối với chức danh nghề nghiệp dân số viên được quy định như thế nào?,"[""8618""]","[""8618"", ""36809"", ""99820"", ""3456"", ""14235"", ""213784"", ""38836"", ""47761"", ""165368"", ""119092""]",1.0,1.0,1.0,1.0,1.0,1.0
89741,Có bao nhiêu chế độ báo cáo thông tin kiểm dịch y tế biên giới?,"[""36051""]","[""23113"", ""23114"", ""23112"", ""212824"", ""36051"", ""14554"", ""216129"", ""23110"", ""208857"", ""99082""]",0.0,0.0,1.0,1.0,0.2,0.38685280723454163
27342,"Các doanh nghiệp có bắt buộc phải xây dựng quy chế quản lý, sử dụng, bảo quản tài liệu kế toán hay không?","[""92076""]","[""92076"", ""2883"", ""220653"", ""166079"", ""68116"", ""2865"", ""55233"", ""97770"", ""118399"", ""45002""]",1.0,1.0,1.0,1.0,1.0,1.0
130920,Những trường hợp nào không vi phạm quy định sinh con thứ ba?,"[""29342""]","[""29342"", ""47657"", ""201094"", ""146920"", ""114298"", ""75600"", ""64350"", ""150382"", ""62833"", ""106746""]",1.0,1.0,1.0,1.0,1.0,1.0
151591,Bộ Tư lệnh Bảo vệ Lăng Chủ tịch Hồ Chí Minh có vị trí như thế nào?,"[""231173""]","[""231173"", ""135814"", ""135816"", ""2563"", ""146065"", ""199925"", ""135817"", ""220183"", ""246643"", ""120980""]",1.0,1.0,1.0,1.0,1.0,1.0
106568,Có cần mang bằng lái xe máy khi tham gia giao thông hay không?,"[""66252""]","[""108185"", ""95500"", ""5999"", ""197376"", ""197883"", ""66252"", ""63869"", ""95789"", ""71630"", ""62691""]",0.0,0.0,0.0,1.0,0.16666666666666666,0.3562071871080222
26975,Cơ sở thực hành đào tạo điều dưỡng phải là những cơ sở như thế nào?,"[""13625""]","[""13625"", ""13629"", ""13627"", ""13628"", ""13632"", ""29101"", ""92948"", ""237179"", ""27994"", ""13621""]",1.0,1.0,1.0,1.0,1.0,1.0
135718,Con dấu công ty dưới dạng chữ ký số thì cần phải bảo đảm các yêu cầu an toàn nào?,"[""17420""]","[""17419"", ""17451"", ""17420"", ""17421"", ""117570"", ""109181"", ""187997"", ""188031"", ""7824"", ""50522""]",0.0,1.0,1.0,1.0,0.3333333333333333,0.5
44630,Hợp đồng mua bán hàng hóa quốc tế đã được ký kết hợp pháp nhưng không quy định cách xác định giá thì được phép suy đoán như thế nào?,"[""111457""]","[""111457"", ""84779"", ""102777"", ""91697"", ""222949"", ""92726"", ""84573"", ""111288"", ""42315"", ""42316""]",1.0,1.0,1.0,1.0,1.0,1.0
137873,Bố trí nhân lực bộ phận khoa cấp cứu như thế nào? Bố trí bác sĩ y học cổ truyền trực cấp cứu có phù hợp không?,"[""147652"", ""147652""]","[""100120"", ""109152"", ""147652"", ""219481"", ""157238"", ""69327"", ""56253"", ""97103"", ""21927"", ""12608""]",0.0,1.0,1.0,1.0,0.3333333333333333,0.5
157306,Công chức có trách nhiệm như thế nào khi sử dụng hộp thư cá nhân của Bộ Thông tin và Truyền thông?,"[""237599"", ""159609""]","[""217535"", ""159609"", ""209789"", ""108480"", ""183800"", ""160477"", ""166425"", ""226661"", ""180857"", ""226662""]",0.0,1.0,1.0,1.0,0.5,0.38685280723454163
162988,Đấu giá viên khai không trung thực trong hồ sơ đề nghị cấp thẻ đấu giá viên thì bị phạt bao nhiêu tiền?,"[""55885"", ""55868""]","[""106224"", ""63595"", ""161334"", ""42820"", ""68856"", ""79453"", ""69200"", ""71516"", ""259991"", ""159149""]",0.0,0.0,0.0,0.0,0.0,0.0
8933,Công tác quy hoạch đường đô thị được quy định như thế nào?,"[""71432""]","[""71432"", ""198635"", ""85171"", ""117123"", ""143555"", ""207005"", ""117124"", ""114953"", ""152257"", ""164621""]",1.0,1.0,1.0,1.0,1.0,1.0
92441,Cơ sở kiểm nghiệm kiểm chứng về an toàn thực phẩm được quản lý bởi Bộ Công thương không tiếp nhận kiểm nghiệm kiểm chứng khi nào?,"[""96619""]","[""96619"", ""180703"", ""89687"", ""85168"", ""160872"", ""23325"", ""116387"", ""83112"", ""44588"", ""66020""]",1.0,1.0,1.0,1.0,1.0,1.0
132482,Hệ thống thông tin báo cáo Bộ Giao thông vận tải có những tính năng chủ yếu nào?,"[""88282""]","[""88282"", ""209837"", ""88283"", ""160178"", ""93859"", ""241607"", ""38445"", ""187979"", ""187981"", ""158070""]",1.0,1.0,1.0,1.0,1.0,1.0
112394,Lệ phí thực hiện thủ tục cấp đổi Giấy phép lái xe quân sự quá hạn dưới 3 tháng là bao nhiêu?,"[""187361""]","[""187361"", ""229973"", ""96553"", ""65687"", ""65685"", ""96552"", ""121610"", ""169126"", ""158095"", ""113806""]",1.0,1.0,1.0,1.0,1.0,1.0
49664,Mức xử phạt hành chính đối với hành vi sản xuất sản phẩm thức ăn chăn nuôi thương mại chưa được công bố thông tin sản phẩm là bao nhiêu?,"[""21157""]","[""102403"", ""21158"", ""43473"", ""21176"", ""21157"", ""21175"", ""21163"", ""14190"", ""43475"", ""21159""]",0.0,0.0,1.0,1.0,0.2,0.38685280723454163
66469,Có cần phải ghi ký hiệu nhựa trên nhãn hàng hóa là chai nhựa được sản xuất để đựng thực phẩm là sữa hay không?,"[""43886""]","[""5708"", ""245373"", ""210021"", ""144164"", ""97154"", ""43886"", ""212802"", ""94269"", ""5706"", ""226500""]",0.0,0.0,0.0,1.0,0.16666666666666666,0.3562071871080222
46223,"Công chức, viên chức khi có đề nghị trực tiếp làm việc với lãnh đạo Tổng cục Thuế phải báo cáo và được sự chấp thuận của ai?","[""81587""]","[""81587"", ""113254"", ""225063"", ""193593"", ""154005"", ""55719"", ""161438"", ""210215"", ""81932"", ""92507""]",1.0,1.0,1.0,1.0,1.0,1.0
7682,Cơ cấu tổ chức của Thanh tra tỉnh được quy định như thế nào?,"[""3101""]","[""3101"", ""141816"", ""94167"", ""144058"", ""43333"", ""48524"", ""156986"", ""188667"", ""184707"", ""256341""]",1.0,1.0,1.0,1.0,1.0,1.0
52118,Mức lãnh tiền và thời gian được hưởng trợ cấp thất nghiệp từ bảo hiểm thất nghiệp được quy định như thế nào?,"[""40477"", ""40477""]","[""40477"", ""61625"", ""64807"", ""64808"", ""203643"", ""40472"", ""67335"", ""65491"", ""102518"", ""84855""]",1.0,1.0,1.0,1.0,1.0,1.0
142157,Quỹ thi đua khen thưởng của Bộ Kế hoạch và Đầu tư được sử dụng để chi vào các nhiệm vụ gì?,"[""7717""]","[""83329"", ""220645"", ""7717"", ""3497"", ""3495"", ""193353"", ""7716"", ""231040"", ""83328"", ""21642""]",0.0,1.0,1.0,1.0,0.3333333333333333,0.5
123417,Người được cấp Chứng chỉ hành nghề lưu trữ có được tự ý sửa chữa Chứng chỉ khi bị hư hỏng không?,"[""241""]","[""241"", ""124316"", ""124318"", ""239"", ""90"", ""177360"", ""71607"", ""23807"", ""51011"", ""135805""]",1.0,1.0,1.0,1.0,1.0,1.0
16798,Thời hạn xử lý kỷ luật viên chức khi có quyết định khởi tố của cơ quan điều tra nhưng đình chỉ điều tra là bao lâu?,"[""22780""]","[""31129"", ""22780"", ""83904"", ""63809"", ""31130"", ""77518"", ""10625"", ""256639"", ""217236"", ""13745""]",0.0,1.0,1.0,1.0,0.5,0.6309297535714575
12795,Tiến hành kiểm tra trình độ kỹ năng nghề nhân viên kỹ thuật trong quân đội theo những phương pháp nào?,"[""75741""]","[""135095"", ""75739"", ""56052"", ""18058"", ""56051"", ""104083"", ""42749"", ""109606"", ""56054"", ""227909""]",0.0,0.0,0.0,0.0,0.0,0.0
35751,Được cấp giấy chứng nhận đăng ký thành lập nhưng cơ sở trợ giúp xã hội chưa nộp hồ sơ đề nghị cấp giấy phép hoạt động cho cơ quan có thẩm quyền thì có bị thu hồi giấy chứng nhận không?,"[""79542""]","[""79542"", ""8042"", ""19419"", ""116336"", ""71922"", ""8044"", ""120120"", ""55197"", ""98868"", ""193122""]",1.0,1.0,1.0,1.0,1.0,1.0
79323,"Viên chức được tuyển dụng trước ngày 01 tháng 7 năm 2020 đang thực hiện hợp đồng làm việc xác định thời hạn, được ký kết hợp đồng làm việc không xác định thời hạn khi nào?","[""14227""]","[""88412"", ""49938"", ""14227"", ""49942"", ""154985"", ""151124"", ""62292"", ""14225"", ""85999"", ""125283""]",0.0,1.0,1.0,1.0,0.3333333333333333,0.5
80150,Tổ chức nước ngoài phải đăng ký gia hạn quyết định cho phép thành lập văn phòng đại diện giáo dục nước ngoài tại Việt Nam trong trường hợp nào?,"[""151275""]","[""56908"", ""151275"", ""188777"", ""168751"", ""35861"", ""188780"", ""56909"", ""56902"", ""56905"", ""8249""]",0.0,1.0,1.0,1.0,0.5,0.6309297535714575
69530,Hóa đơn thanh toán chi hội nghị đối với cơ quan thuộc Bộ Quốc phòng phải đáp ứng những điều kiện gì?,"[""42361""]","[""42361"", ""42359"", ""18720"", ""101216"", ""155632"", ""53566"", ""53557"", ""207392"", ""42362"", ""139402""]",1.0,1.0,1.0,1.0,1.0,1.0
11454,Những đối tượng nào không được làm thành viên Hội đồng tuyển chọn?,"[""74234""]","[""70012"", ""212605"", ""85596"", ""111938"", ""242177"", ""236339"", ""195222"", ""219965"", ""74234"", ""178950""]",0.0,0.0,0.0,1.0,0.1111111111111111,0.3010299956639812
52074,Quy trình điều tiết quỹ phòng chống thiên tai từ Quỹ trung ương về Quỹ cấp tỉnh được thực hiện như thế nào?,"[""119797""]","[""119797"", ""38098"", ""218318"", ""96546"", ""96547"", ""88198"", ""99089"", ""162187"", ""162280"", ""60102""]",1.0,1.0,1.0,1.0,1.0,1.0
110568,Thực hiện dân chủ trong công tác của Cảnh sát môi trường nhằm mục đích gì?,"[""129512""]","[""129512"", ""86591"", ""27674"", ""52598"", ""23725"", ""65691"", ""23726"", ""28822"", ""68580"", ""27675""]",1.0,1.0,1.0,1.0,1.0,1.0
3455,Doanh nghiệp kinh doanh tạm nhập tái xuất hàng hóa có thuế tiêu thụ đặc biệt cần phải đáp ứng điều kiện gì?,"[""53063""]","[""53063"", ""53060"", ""53061"", ""129565"", ""122096"", ""53052"", ""5262"", ""68347"", ""71074"", ""53066""]",1.0,1.0,1.0,1.0,1.0,1.0
115587,"Ai có thẩm quyền, trách nhiệm nhận xét, đánh giá cán bộ đoàn thanh tra ngành Tài chính?","[""141019""]","[""141019"", ""63584"", ""55726"", ""140906"", ""108115"", ""64311"", ""64312"", ""247543"", ""4957"", ""78613""]",1.0,1.0,1.0,1.0,1.0,1.0
156277,Đại biểu Quốc hội bị truy cứu trách nhiệm hình sự thì có đương nhiên mất quyền Đại biểu Quốc hội hay không?,"[""236439""]","[""236439"", ""49649"", ""64340"", ""78248"", ""125915"", ""49650"", ""49647"", ""49652"", ""199575"", ""199576""]",1.0,1.0,1.0,1.0,1.0,1.0
88443,Tiêu chí công nhận thuộc Mạng lưới tư vấn viên hỗ trợ doanh nghiệp chuyển đổi số đối với tổ chức tư vấn gồm những gì?,"[""160575""]","[""160575"", ""66908"", ""138091"", ""241186"", ""240102"", ""63894"", ""184404"", ""91294"", ""138092"", ""91293""]",1.0,1.0,1.0,1.0,1.0,1.0
108625,"Luật đất đai quy định như thế nào về tổ chức thực hiện điều tra, đánh giá đất đai?","[""183132""]","[""183132"", ""50772"", ""181844"", ""62194"", ""111807"", ""99404"", ""210939"", ""84269"", ""213456"", ""81610""]",1.0,1.0,1.0,1.0,1.0,1.0
19255,"Chủ tịch Ủy ban nhân dân cấp xã có quyền xử phạt đấu giá viên đe dọa, cưỡng ép người tham gia đấu giá nhằm làm sai lệch kết quả đấu giá tài sản không?","[""63597"", ""4637"", ""63599""]","[""61975"", ""163683"", ""187724"", ""59112"", ""24511"", ""92870"", ""145667"", ""70415"", ""103669"", ""128389""]",0.0,0.0,0.0,0.0,0.0,0.0
117704,Liên hiệp hợp tác xã muốn vay của Quỹ hợp tác xã cần đáp ứng các điều kiện gì?,"[""193279""]","[""246619"", ""157871"", ""193279"", ""193278"", ""31957"", ""96247"", ""146366"", ""193281"", ""86599"", ""56023""]",0.0,1.0,1.0,1.0,0.3333333333333333,0.5
97030,Sinh viên có thuộc đối tượng bắt buộc phải tham gia bảo hiểm y tế không?,"[""20124""]","[""71732"", ""158560"", ""20121"", ""63880"", ""184266"", ""65299"", ""63881"", ""84209"", ""793"", ""22353""]",0.0,0.0,0.0,0.0,0.0,0.0
150393,Hội Đá quý Việt Nam có nhiệm vụ như thế nào?,"[""229844""]","[""235753"", ""229845"", ""65018"", ""229844"", ""235754"", ""211938"", ""211937"", ""109885"", ""65020"", ""235755""]",0.0,0.0,1.0,1.0,0.25,0.43067655807339306
58436,Mức hưởng phụ cấp thâm niên nghề đối với sĩ quan phục vụ trong quân đội là bao nhiêu?,"[""95256""]","[""28467"", ""138990"", ""74770"", ""181032"", ""95256"", ""35029"", ""80443"", ""24104"", ""39506"", ""138378""]",0.0,0.0,1.0,1.0,0.2,0.38685280723454163
111008,Cổ đông không góp đủ vốn điều lệ đã cam kết thì công ty cổ phần có cần phải điều thông tin trên Giấy chứng nhận đăng ký kinh doanh không?,"[""50591""]","[""50526"", ""61737"", ""50657"", ""50554"", ""50592"", ""72584"", ""48831"", ""83895"", ""21366"", ""119912""]",0.0,0.0,0.0,0.0,0.0,0.0
34234,Người đại diện theo pháp luật của doanh nghiệp được hiểu như thế nào?,"[""99765""]","[""50491"", ""77608"", ""99765"", ""150087"", ""50492"", ""118112"", ""81308"", ""99766"", ""50616"", ""28869""]",0.0,1.0,1.0,1.0,0.3333333333333333,0.5
49438,Cơ quan nào có quyền tiếp nhận văn bản yêu cầu thẩm định giá tài sản?,"[""57674""]","[""57674"", ""184862"", ""57673"", ""10692"", ""127896"", ""57675"", ""10691"", ""111540"", ""10578"", ""36943""]",1.0,1.0,1.0,1.0,1.0,1.0
20996,Báo cáo lưu chuyển tiền tệ hợp nhất được lập theo phương pháp gián tiếp dựa trên cơ sở nào?,"[""84958""]","[""100504"", ""84958"", ""117089"", ""84957"", ""130714"", ""63723"", ""33741"", ""36992"", ""35589"", ""135461""]",0.0,1.0,1.0,1.0,0.5,0.6309297535714575
11848,"Hình thức xử lý kỷ luật đảng viên có hành vi vi phạm về đạo đức, nếp sống văn minh được quy định như thế nào?","[""74687"", ""74688""]","[""161833"", ""74687"", ""144365"", ""115948"", ""114726"", ""114727"", ""64106"", ""197287"", ""64045"", ""13742""]",0.0,1.0,1.0,1.0,0.5,0.38685280723454163
55063,Ngành quản trị lễ tân trình độ cao đẳng thì phải hoàn thành khối lượng kiến thức tối thiểu là bao nhiêu tín chỉ mới có thể tốt nghiệp?,"[""72203""]","[""129271"", ""123337"", ""131251"", ""66049"", ""170082"", ""143268"", ""206647"", ""95700"", ""101337"", ""189110""]",0.0,0.0,0.0,0.0,0.0,0.0
27038,Viên chức giữ chức danh kiểm nghiệm viên thuốc thú y hạng 2 được áp dụng hệ số lương là bao nhiêu?,"[""1536""]","[""75538"", ""69714"", ""75674"", ""69443"", ""8612"", ""87153"", ""96632"", ""83590"", ""231082"", ""6460""]",0.0,0.0,0.0,0.0,0.0,0.0
123277,Cục Hạ tầng kỹ thuật là đơn vị chủ trì tổ chức thẩm định các quy hoạch thuộc lĩnh vực hạ tầng kỹ thuật các thành phố trực thuộc trung ương đúng không?,"[""61873""]","[""61873"", ""61872"", ""61753"", ""120049"", ""177678"", ""117122"", ""234337"", ""76969"", ""210990"", ""112888""]",1.0,1.0,1.0,1.0,1.0,1.0
137374,Vi phạm về bảo vệ công trình thủy lợi thì bị xử lý như thế nào?,"[""85766""]","[""73358"", ""93987"", ""67911"", ""85766"", ""105613"", ""73702"", ""92135"", ""122185"", ""105612"", ""154249""]",0.0,0.0,1.0,1.0,0.25,0.43067655807339306
2775,Kê khai thuế thu nhập cá nhân cho người lao động theo tháng hay quý?,"[""64525""]","[""16447"", ""69866"", ""89913"", ""150364"", ""98506"", ""64525"", ""120860"", ""81915"", ""98505"", ""63310""]",0.0,0.0,0.0,1.0,0.16666666666666666,0.3562071871080222
79977,Nội dung đăng ký khai sinh cho trẻ bị bỏ rơi gồm các thông tin nào?,"[""65833""]","[""95611"", ""94264"", ""5136"", ""142779"", ""85776"", ""69091"", ""63447"", ""65833"", ""68865"", ""88889""]",0.0,0.0,0.0,1.0,0.125,0.31546487678572877
104471,Điều kiện xác định dự án đầu tư có sử dụng đất được quy định ra sao?,"[""108125""]","[""108125"", ""96893"", ""96894"", ""114012"", ""245594"", ""96892"", ""61516"", ""102923"", ""229829"", ""33963""]",1.0,1.0,1.0,1.0,1.0,1.0
107859,Cục Kinh tế hợp tác và Phát triển nông thôn trực thuộc Bộ Nông nghiệp và Phát triển nông thôn có những chức năng gì?,"[""93241""]","[""99692"", ""4379"", ""162115"", ""20721"", ""162114"", ""122041"", ""123956"", ""23232"", ""23230"", ""167532""]",0.0,0.0,0.0,0.0,0.0,0.0
81234,Cơ quan nào có thẩm quyền cấp giấy phép hoạt động dịch vụ việc làm cho doanh nghiệp?,"[""32726""]","[""40466"", ""70494"", ""185287"", ""195455"", ""32726"", ""71924"", ""114347"", ""32741"", ""32733"", ""40910""]",0.0,0.0,1.0,1.0,0.2,0.38685280723454163
3571,"Tiêu chuẩn về năng lực chuyên môn, nghiệp vụ của kiểm soát viên chính đê điều là gì?","[""65407""]","[""65407"", ""236799"", ""134703"", ""65406"", ""144607"", ""251270"", ""106514"", ""236798"", ""136526"", ""88839""]",1.0,1.0,1.0,1.0,1.0,1.0
155247,Việc phân cấp thẩm quyền điều tra vụ án hình sự được quy định như thế nào?,"[""68571""]","[""68571"", ""10640"", ""158964"", ""94726"", ""87483"", ""67727"", ""151715"", ""995"", ""68569"", ""61189""]",1.0,1.0,1.0,1.0,1.0,1.0
165648,Hướng dẫn tập sự được quy định như thế nào?,"[""18476""]","[""14229"", ""18476"", ""184398"", ""4206"", ""164208"", ""15428"", ""121127"", ""14228"", ""108465"", ""192683""]",0.0,1.0,1.0,1.0,0.5,0.6309297535714575
47676,Tài sản cố định khi điều chuyển đã thực hiện đánh giá lại giá trị tài sản thì có phải lập hóa đơn hay không?,"[""114862""]","[""114862"", ""61739"", ""141293"", ""189669"", ""151235"", ""45001"", ""108765"", ""180009"", ""97893"", ""75215""]",1.0,1.0,1.0,1.0,1.0,1.0
50736,Thay đổi cơ sở sản xuất thuốc có phải đăng ký thuốc lại từ đầu không?,"[""118260""]","[""203261"", ""118260"", ""182529"", ""69028"", ""182530"", ""110647"", ""66978"", ""83876"", ""69026"", ""14597""]",0.0,1.0,1.0,1.0,0.5,0.6309297535714575
83625,Hồ sơ đề nghị thành lập Ban quản lý khu du lịch quốc gia bao gồm những giấy tờ gi?,"[""155162""]","[""9771"", ""155161"", ""9770"", ""164790"", ""128149"", ""77938"", ""87531"", ""143402"", ""232861"", ""215607""]",0.0,0.0,0.0,0.0,0.0,0.0
139475,Ghi sổ kế toán thuế nội địa được quy định thế nào?,"[""79387""]","[""108851"", ""233767"", ""79387"", ""16726"", ""2868"", ""2870"", ""125635"", ""199813"", ""25511"", ""5827""]",0.0,1.0,1.0,1.0,0.3333333333333333,0.5
15707,Nội dung công bố thông tin về trái phiếu chuyển đổi của công ty cổ phần có bắt buộc phải gửi cho Sở giao dịch chứng khoán hay không?,"[""21760""]","[""222183"", ""21760"", ""21759"", ""212930"", ""21766"", ""21757"", ""73305"", ""79029"", ""48853"", ""16362""]",0.0,1.0,1.0,1.0,0.5,0.6309297535714575
121803,Thời hạn giải quyết thực hiện việc thủ tục thẩm duyệt thiết kế cơ sở của công trình phòng cháy chữa cháy như sau?,"[""68321""]","[""68321"", ""157126"", ""18209"", ""20435"", ""140932"", ""241776"", ""68322"", ""166817"", ""27680"", ""148005""]",1.0,1.0,1.0,1.0,1.0,1.0
114619,"Hiệu trưởng các cơ sở giáo dục thuộc hệ thống giáo dục quốc dân có trách nhiệm gì trong công tác bảo đảm an ninh chính trị, trật tự an toàn xã hội?","[""189852""]","[""189852"", ""245524"", ""201813"", ""84433"", ""15739"", ""90290"", ""15750"", ""15743"", ""31638"", ""189851""]",1.0,1.0,1.0,1.0,1.0,1.0
159527,Tội sử dụng người dưới 16 tuổi vào việc mua bán phương tiện dụng cụ dùng vào việc sản xuất trái phép chất ma túy được phân loại tội phạm nhóm nào?,"[""61615""]","[""83620"", ""149402"", ""113427"", ""85727"", ""109198"", ""85728"", ""104523"", ""217031"", ""95903"", ""71620""]",0.0,0.0,0.0,0.0,0.0,0.0
80124,Trung tâm Khảo sát nghiên cứu và phát triển thị trường có cơ cấu tổ chức như thế nào?,"[""80850""]","[""80850"", ""80849"", ""104880"", ""222351"", ""222718"", ""215375"", ""215540"", ""215377"", ""219774"", ""239822""]",1.0,1.0,1.0,1.0,1.0,1.0
76996,Việc kê đơn thuốc cổ truyền kết hợp với thuốc hóa dược trong điều trị nội trú cần tuân thủ theo nguyên tắc nào?,"[""44604"", ""47785""]","[""44604"", ""147770"", ""203713"", ""41925"", ""44602"", ""40013"", ""46765"", ""157261"", ""41920"", ""46762""]",1.0,1.0,1.0,1.0,1.0,0.6131471927654584
133616,Doanh nghiệp kinh doanh hàng miễn thuế nộp báo cáo quyết toán theo nguyên tắc nào?,"[""211108""]","[""211108"", ""10407"", ""211107"", ""157902"", ""52676"", ""10397"", ""75890"", ""174898"", ""152564"", ""227956""]",1.0,1.0,1.0,1.0,1.0,1.0
